Workbook

Sheet Summary
A1: DCVS barangay crosswalk: PSGC vs boundary file vs database
A2: Draft for review. Counts below are formulas over the Crosswalk and DB-only entries sheets.
A4: Metric | B4: Value | C4: Note
A5: Barangays in PSGC (Dasmariñas) | B5: =COUNTA(Crosswalk!B2:B76) -> 75 | C5: Official list, 75 as of 31 July 2025.
A6: Keep (polygon and DB names already match) | B6: =COUNTIF(Crosswalk!G2:G76,"Keep") -> 37 | C6: Reported as 37 by the name comparison.
A7: Rename (format differences only) | B7: =COUNTIF(Crosswalk!G2:G76,"Rename") -> 6 | C7: Safe in-place rename keeps barangay_id.
A8: Merge (split in DB, single in PSGC) | B8: =COUNTIF(Crosswalk!G2:G76,"Merge") -> 3 | C8: Repoint reports and users; backup first.
A9: Needs review (not confirmed) | B9: =COUNTIF(Crosswalk!G2:G76,"Needs review") -> 6 | C9: Do not guess; confirm with DCVS.
A10: Add row (no DB row found) | B10: =COUNTIF(Crosswalk!G2:G76,"Add row") -> 23 | C10: New rows needed in barangays table.
A11: Check: actions add up to PSGC total (0 = OK) | B11: =B5-SUM(B6:B10) -> 0
A12: Polygons without DB match (should be 38) | B12: =B7+B8+B9+B10 -> 38 | C12: Matches the Codex report.
A13: DB entries without polygon match (should be 29) | B13: =COUNTA('DB-only entries'!A2:A30) -> 29 | C13: Listed on the DB-only entries sheet.
A14: Population total from PSGC rows (2024 POPCEN) | B14: =SUM(Crosswalk!D2:D76) -> 744511 | C14: Sum of the 75 rows.
A15: City population reported by PSA (2024 POPCEN) | B15: 744511 | C15: Source: PSA PSGC page for City of Dasmariñas (input).
A16: Difference (0 = transcription check passes) | B16: =B14-B15 -> 0

Sheet Crosswalk
A1: PSGC code (10-digit) | B1: Barangay (PSGC name) | C1: Urban/Rural | D1: Population (2024 POPCEN) | E1: Polygon ↔ DB name match | F1: Current DB name(s) | G1: Proposed action | H1: Needs DCVS review? | I1: Notes | J1: Final DB barangay_id (fill in) | K1: DCVS decision (fill in)
A2: 0402106003 | B2: Burol | C2: Urban | D2: 14252 | E2: Matched | F2: Burol | G2: Keep | H2: No | I2: Exact name match reported for this polygon (identified by elimination; not listed individually).
A3: 0402106005 | B3: Langkaan I | C3: Urban | D3: 29424 | E3: Matched | F3: Langkaan I | G3: Keep | H3: No | I3: Exact name match reported for this polygon (identified by elimination; not listed individually).
A4: 0402106008 | B4: Paliparan I | C4: Urban | D4: 12678 | E4: Matched | F4: Paliparan I | G4: Keep | H4: No | I4: Exact name match reported for this polygon (identified by elimination; not listed individually).
A5: 0402106010 | B5: Sabang | C5: Urban | D5: 18866 | E5: Matched | F5: Sabang | G5: Keep | H5: No | I5: Exact name match reported for this polygon (identified by elimination; not listed individually).
A6: 0402106011 | B6: Salawag | C6: Urban | D6: 83756 | E6: Matched | F6: Salawag | G6: Keep | H6: No | I6: Exact name match reported for this polygon (identified by elimination; not listed individually).
A7: 0402106012 | B7: Salitran I | C7: Urban | D7: 5577 | E7: Matched | F7: Salitran I | G7: Keep | H7: No | I7: Exact name match reported for this polygon (identified by elimination; not listed individually).
A8: 0402106013 | B8: Sampaloc I | C8: Urban | D8: 7795 | E8: Matched | F8: Sampaloc I | G8: Keep | H8: No | I8: Exact name match reported for this polygon (identified by elimination; not listed individually).
A9: 0402106014 | B9: San Agustin I | C9: Urban | D9: 12328 | E9: Matched | F9: San Agustin I | G9: Keep | H9: No | I9: Exact name match reported for this polygon (identified by elimination; not listed individually).
A10: 0402106015 | B10: San Jose | C10: Urban | D10: 12172 | E10: Matched | F10: San Jose | G10: Keep | H10: No | I10: Exact name match reported for this polygon (identified by elimination; not listed individually).
A11: 0402106016 | B11: Zone I | C11: Urban | D11: 4446 | E11: Mismatch | F11: Zone I (Pob.) | G11: Rename | H11: No | I11: Polygon name matches PSGC; DB uses a different format. Rename in place to keep existing barangay_id.
A12: 0402106017 | B12: Zone II | C12: Rural | D12: 1709 | E12: Mismatch | F12: Zone II (Pob.) | G12: Rename | H12: No | I12: Polygon name matches PSGC; DB uses a different format. Rename in place to keep existing barangay_id.
A13: 0402106018 | B13: Zone III | C13: Urban | D13: 4889 | E13: Mismatch | F13: Zone III (Pob.) | G13: Rename | H13: No | I13: Polygon name matches PSGC; DB uses a different format. Rename in place to keep existing barangay_id.
... A76: 0402106081 | B76: Victoria Reyes | C76: Urban | D76: 13898 | E76: Mismatch | F76: Victoria I; Victoria II | G76: Needs review | H76: Yes | I76: PSGC has one barangay; DB has two. Confirm with DCVS they are the same barangay before merging.

Sheet DB-only entries
A1: Current DB entry | B1: Group | C1: Suggested PSGC target | D1: PSGC code (lookup) | E1: Proposed action | F1: Why | G1: Linked reports/users (fill in) | H1: DCVS decision (fill in)
A2: Zone I (Pob.) | B2: Format only | C2: Zone I | D2: =IF(C2="","",IFERROR(INDEX(Crosswalk!$A$2:$A$76,MATCH(C2,Crosswalk!$B$2:$B$76,0)),"not found")) -> 0402106016 | E2: Rename | F2: Same barangay; '(Pob.)' suffix not used in PSGC.
A3: Zone II (Pob.) | B3: Format only | C3: Zone II | D3: =IF(C3="","",IFERROR(INDEX(Crosswalk!$A$2:$A$76,MATCH(C3,Crosswalk!$B$2:$B$76,0)),"not found")) -> 0402106017 | E3: Rename | F3: Same barangay; '(Pob.)' suffix not used in PSGC.
A4: Zone III (Pob.) | B4: Format only | C4: Zone III | D4: =IF(C4="","",IFERROR(INDEX(Crosswalk!$A$2:$A$76,MATCH(C4,Crosswalk!$B$2:$B$76,0)),"not found")) -> 0402106018 | E4: Rename | F4: Same barangay; '(Pob.)' suffix not used in PSGC.
A5: Zone IV (Pob.) | B5: Format only | C5: Zone IV | D5: =IF(C5="","",IFERROR(INDEX(Crosswalk!$A$2:$A$76,MATCH(C5,Crosswalk!$B$2:$B$76,0)),"not found")) -> 0402106019 | E5: Rename | F5: Same barangay; '(Pob.)' suffix not used in PSGC.
A6: Sto. Niño I | B6: Format only | C6: Santo Niño I | D6: =IF(C6="","",IFERROR(INDEX(Crosswalk!$A$2:$A$76,MATCH(C6,Crosswalk!$B$2:$B$76,0)),"not found")) -> 0402106046 | E6: Rename | F6: Abbreviation; PSGC spells out 'Santo'.
A7: Sto. Niño II | B7: Format only | C7: Santo Niño II | D7: =IF(C7="","",IFERROR(INDEX(Crosswalk!$A$2:$A$76,MATCH(C7,Crosswalk!$B$2:$B$76,0)),"not found")) -> 0402106078 | E7: Rename | F7: Abbreviation; PSGC spells out 'Santo'.
A8: San Juan I | B8: Split in DB, single in PSGC | C8: San Juan | D8: =IF(C8="","",IFERROR(INDEX(Crosswalk!$A$2:$A$76,MATCH(C8,Crosswalk!$B$2:$B$76,0)),"not found")) -> 0402106031 | E8: Merge | F8: Merge into one row; repoint reports and users.
A9: San Juan II | B9: Split in DB, single in PSGC | C9: San Juan | D9: =IF(C9="","",IFERROR(INDEX(Crosswalk!$A$2:$A$76,MATCH(C9,Crosswalk!$B$2:$B$76,0)),"not found")) -> 0402106031 | E9: Merge | F9: Merge into one row; repoint reports and users.
A10: Santa Fe I | B10: Split in DB, single in PSGC | C10: Santa Fe | D10: =IF(C10="","",IFERROR(INDEX(Crosswalk!$A$2:$A$76,MATCH(C10,Crosswalk!$B$2:$B$76,0)),"not found")) -> 0402106042 | E10: Merge | F10: Merge into one row; repoint reports and users.
A11: Santa Fe II | B11: Split in DB, single in PSGC | C11: Santa Fe | D11: =IF(C11="","",IFERROR(INDEX(Crosswalk!$A$2:$A$76,MATCH(C11,Crosswalk!$B$2:$B$76,0)),"not found")) -> 0402106042 | E11: Merge | F11: Merge into one row; repoint reports and users.
A12: Santo Cristo I | B12: Split in DB, single in PSGC | C12: Santo Cristo | D12: =IF(C12="","",IFERROR(INDEX(Crosswalk!$A$2:$A$76,MATCH(C12,Crosswalk!$B$2:$B$76,0)),"not found")) -> 0402106045 | E12: Merge | F12: Merge into one row; repoint reports and users.
A13: Santo Cristo II | B13: Split in DB, single in PSGC | C13: Santo Cristo | D13: =IF(C13="","",IFERROR(INDEX(Crosswalk!$A$2:$A$76,MATCH(C13,Crosswalk!$B$2:$B$76,0)),"not found")) -> 0402106045 | E13: Merge | F13: Merge into one row; repoint reports and users.
... A18: H-95 | B18: Possible old/incorrect name | C18: H-2 | D18: =IF(C18="","",IFERROR(INDEX(Crosswalk!$A$2:$A$76,MATCH(C18,Crosswalk!$B$2:$B$76,0)),"not found")) -> 0402106080 | E18: Needs review | F18: Not confirmed.
A19: Emmanuel Pelaez | B19: No PSGC match | D19: =IF(C19="","",IFERROR(INDEX(Crosswalk!$A$2:$A$76,MATCH(C19,Crosswalk!$B$2:$B$76,0)),"not found")) | E19: Needs review | F19: Not in the PSGC list for Dasmariñas. Check linked reports/users.
A20: Magdalo | B20: No PSGC match | D20: =IF(C20="","",IFERROR(INDEX(Crosswalk!$A$2:$A$76,MATCH(C20,Crosswalk!$B$2:$B$76,0)),"not found")) | E20: Needs review | F20: Not in the PSGC list for Dasmariñas. Check linked reports/users.
A21: Maliksi I | B21: No PSGC match | D21: =IF(C21="","",IFERROR(INDEX(Crosswalk!$A$2:$A$76,MATCH(C21,Crosswalk!$B$2:$B$76,0)),"not found")) | E21: Needs review | F21: Not in the PSGC list for Dasmariñas. Check linked reports/users.
A22: Maliksi II | B22: No PSGC match | D22: =IF(C22="","",IFERROR(INDEX(Crosswalk!$A$2:$A$76,MATCH(C22,Crosswalk!$B$2:$B$76,0)),"not found")) | E22: Needs review | F22: Not in the PSGC list for Dasmariñas. Check linked reports/users.
A23: Maliksi III | B23: No PSGC match | D23: =IF(C23="","",IFERROR(INDEX(Crosswalk!$A$2:$A$76,MATCH(C23,Crosswalk!$B$2:$B$76,0)),"not found")) | E23: Needs review | F23: Not in the PSGC list for Dasmariñas. Check linked reports/users.
A24: Maunlad I | B24: No PSGC match | D24: =IF(C24="","",IFERROR(INDEX(Crosswalk!$A$2:$A$76,MATCH(C24,Crosswalk!$B$2:$B$76,0)),"not found")) | E24: Needs review | F24: Not in the PSGC list for Dasmariñas. Check linked reports/users.
A25: Maunlad II | B25: No PSGC match | D25: =IF(C25="","",IFERROR(INDEX(Crosswalk!$A$2:$A$76,MATCH(C25,Crosswalk!$B$2:$B$76,0)),"not found")) | E25: Needs review | F25: Not in the PSGC list for Dasmariñas. Check linked reports/users.
A26: Maunlad III | B26: No PSGC match | D26: =IF(C26="","",IFERROR(INDEX(Crosswalk!$A$2:$A$76,MATCH(C26,Crosswalk!$B$2:$B$76,0)),"not found")) | E26: Needs review | F26: Not in the PSGC list for Dasmariñas. Check linked reports/users.
A27: Pasong Camachile I | B27: No PSGC match | D27: =IF(C27="","",IFERROR(INDEX(Crosswalk!$A$2:$A$76,MATCH(C27,Crosswalk!$B$2:$B$76,0)),"not found")) | E27: Needs review | F27: Not in the PSGC list for Dasmariñas. Check linked reports/users.
A28: Pasong Camachile II | B28: No PSGC match | D28: =IF(C28="","",IFERROR(INDEX(Crosswalk!$A$2:$A$76,MATCH(C28,Crosswalk!$B$2:$B$76,0)),"not found")) | E28: Needs review | F28: Not in the PSGC list for Dasmariñas. Check linked reports/users.
A29: Pasong Kawayan I | B29: No PSGC match | D29: =IF(C29="","",IFERROR(INDEX(Crosswalk!$A$2:$A$76,MATCH(C29,Crosswalk!$B$2:$B$76,0)),"not found")) | E29: Needs review | F29: Not in the PSGC list for Dasmariñas. Check linked reports/users.
A30: Pasong Kawayan II | B30: No PSGC match | D30: =IF(C30="","",IFERROR(INDEX(Crosswalk!$A$2:$A$76,MATCH(C30,Crosswalk!$B$2:$B$76,0)),"not found")) | E30: Needs review | F30: Not in the PSGC list for Dasmariñas. Check linked reports/users.

Sheet Notes & Sources
A1: Sources
A2: PSGC list: PSA, Philippine Standard Geographic Code, City of Dasmariñas (https://psa.gov.ph/classification/psgc/barangays/0402106000), fetched 7 Oct 2026. Licensed CC BY 4.0; keep attribution.
A3: Boundary vs DB comparison: results reported by the code review of barangays-boundary.json (75 polygons) against the live barangays table (66 entries), trimmed case-insensitive exact name match.
A5: Assumptions and limits
A6: 1. The 38 polygons without a DB match were each checked against the PSGC list and all 38 have an exact PSGC name. Names only; polygon geometry and borders were not checked.
A7: 2. The 37 'Keep' rows are the PSGC rows not in the 38-name list. They were identified by elimination, not listed individually, so spot-check a few against the DB.
A8: 3. 'Rename' rows are format differences only. 'Merge' rows affect existing reports and users, so run the change in a transaction after a database backup.
A9: 4. 'Needs review' rows are suggestions only. Nothing here is confirmed; verify with DCVS before changing data.
A10: 5. Yellow cells are for you to fill in (final barangay_id, linked report/user counts, DCVS decisions).
A11: 6. Names such as Maliksi, Maunlad, Pasong Camachile and Pasong Kawayan are not in the PSGC list for Dasmariñas. Check how many reports or users reference them before removing anything.
